Date,Version,Path,Views
02/03/2023,latest,/pages/contact.html,21012
14/03/2023,latest,/pages/contact.html,24390
06/03/2023,latest,/pages/features.html,3778
17/03/2023,stable,/pages/features.html,17734
11/03/2023,latest,/pages/contact.html,30309
24/03/2023,latest,/pages/pricing.html,12820
18/03/2023,latest,/pages/contact.html,34734
31/03/2023,stable,/pages/about.html,22856
24/03/2023,stable,/pages/pricing.html,20682
20/03/2023,latest,/pages/pricing.html,33647
29/03/2023,latest,/pages/index.html,23142
15/03/2023,stable,/pages/pricing.html,37577
16/03/2023,latest,/pages/pricing.html,10676
28/03/2023,stable,/pages/pricing.html,34845
26/03/2023,stable,/pages/contact.html,39324
03/03/2023,latest,/pages/about.html,13718
01/03/2023,stable,/pages/index.html,28958
03/03/2023,stable,/pages/pricing.html,6108
13/03/2023,latest,/pages/about.html,28540
18/03/2023,latest,/pages/features.html,23068
25/03/2023,latest,/pages/features.html,20467
19/03/2023,stable,/pages/features.html,27151
06/03/2023,stable,/pages/about.html,33567
01/03/2023,latest,/pages/pricing.html,15886
18/03/2023,latest,/pages/features.html,38397
29/03/2023,stable,/pages/pricing.html,12672
27/03/2023,latest,/pages/index.html,24825
29/03/2023,latest,/pages/pricing.html,12306
06/03/2023,latest,/pages/index.html,16769
22/03/2023,latest,/pages/about.html,14047
13/03/2023,latest,/pages/index.html,26335
28/03/2023,stable,/pages/features.html,39734
15/03/2023,latest,/pages/contact.html,22486
24/03/2023,stable,/pages/features.html,29485
27/03/2023,latest,/pages/contact.html,27712
31/03/2023,latest,/pages/index.html,38850
26/03/2023,latest,/pages/index.html,6064
01/03/2023,stable,/pages/index.html,38514
26/03/2023,latest,/pages/features.html,35514
14/03/2023,latest,/pages/contact.html,15604
22/03/2023,stable,/pages/index.html,25764
02/03/2023,latest,/pages/index.html,21427
14/03/2023,stable,/pages/features.html,7823
20/03/2023,latest,/pages/index.html,2104
07/03/2023,stable,/pages/pricing.html,30803
07/03/2023,latest,/pages/contact.html,4828
08/03/2023,latest,/pages/pricing.html,37233
12/03/2023,stable,/pages/index.html,16045
08/03/2023,stable,/pages/index.html,19869
25/03/2023,stable,/pages/features.html,21103
28/03/2023,latest,/pages/features.html,12638
24/03/2023,stable,/pages/about.html,569
02/03/2023,stable,/pages/pricing.html,22563
02/03/2023,stable,/pages/features.html,30517
31/03/2023,latest,/pages/pricing.html,28462
20/03/2023,latest,/pages/contact.html,35347
31/03/2023,stable,/pages/pricing.html,5335
22/03/2023,stable,/pages/pricing.html,36776
28/03/2023,stable,/pages/contact.html,20520
30/03/2023,stable,/pages/pricing.html,17628
08/03/2023,stable,/pages/features.html,26645
25/03/2023,latest,/pages/pricing.html,5002
30/03/2023,stable,/pages/index.html,27016
15/03/2023,latest,/pages/pricing.html,16076
14/03/2023,stable,/pages/about.html,20597
26/03/2023,stable,/pages/pricing.html,12042
05/03/2023,stable,/pages/index.html,20686
01/03/2023,latest,/pages/index.html,6063
25/03/2023,stable,/pages/about.html,2931
24/03/2023,latest,/pages/about.html,36110
04/03/2023,latest,/pages/contact.html,11619
21/03/2023,stable,/pages/contact.html,36601
26/03/2023,stable,/pages/index.html,27131
28/03/2023,latest,/pages/features.html,16013
30/03/2023,stable,/pages/about.html,9890
16/03/2023,latest,/pages/contact.html,9942
26/03/2023,latest,/pages/about.html,28107
05/03/2023,stable,/pages/index.html,5746
17/03/2023,latest,/pages/contact.html,22608
27/03/2023,latest,/pages/contact.html,25476
30/03/2023,stable,/pages/pricing.html,24770
14/03/2023,stable,/pages/pricing.html,38720
13/03/2023,stable,/pages/contact.html,38701
15/03/2023,stable,/pages/contact.html,2021
22/03/2023,latest,/pages/about.html,14327
29/03/2023,stable,/pages/about.html,13434
09/03/2023,latest,/pages/features.html,12972
29/03/2023,stable,/pages/pricing.html,1822
13/03/2023,stable,/pages/about.html,17431
24/03/2023,latest,/pages/contact.html,17379
27/03/2023,latest,/pages/contact.html,7736
31/03/2023,stable,/pages/index.html,32710
12/03/2023,latest,/pages/index.html,14705
15/03/2023,stable,/pages/pricing.html,28979
23/03/2023,latest,/pages/pricing.html,16894
27/03/2023,stable,/pages/features.html,8785
12/03/2023,latest,/pages/index.html,671
31/03/2023,latest,/pages/features.html,9447
15/03/2023,latest,/pages/pricing.html,21765
18/03/2023,latest,/pages/pricing.html,19421
25/03/2023,stable,/pages/index.html,25261
23/03/2023,stable,/pages/index.html,9554
10/03/2023,latest,/pages/about.html,30610
23/03/2023,latest,/pages/pricing.html,3951
10/03/2023,stable,/pages/pricing.html,36638
23/03/2023,latest,/pages/features.html,29087
25/03/2023,stable,/pages/contact.html,11541
01/03/2023,latest,/pages/about.html,17392
13/03/2023,latest,/pages/index.html,15795
03/03/2023,latest,/pages/contact.html,184
14/03/2023,stable,/pages/pricing.html,21346
29/03/2023,latest,/pages/about.html,32726
26/03/2023,latest,/pages/contact.html,4485
03/03/2023,stable,/pages/index.html,11858
19/03/2023,latest,/pages/index.html,28901
23/03/2023,latest,/pages/contact.html,17287
12/03/2023,latest,/pages/pricing.html,26115
17/03/2023,latest,/pages/contact.html,10324
30/03/2023,stable,/pages/index.html,30047
22/03/2023,stable,/pages/about.html,30538
24/03/2023,latest,/pages/features.html,8313
03/03/2023,latest,/pages/contact.html,5056
26/03/2023,latest,/pages/pricing.html,20214
01/03/2023,stable,/pages/contact.html,840
13/03/2023,stable,/pages/about.html,3858
31/03/2023,latest,/pages/index.html,5154
06/03/2023,stable,/pages/index.html,12814
21/03/2023,latest,/pages/about.html,4350
26/03/2023,latest,/pages/contact.html,34009
08/03/2023,stable,/pages/features.html,37420
17/03/2023,stable,/pages/pricing.html,38972
28/03/2023,latest,/pages/index.html,15107
18/03/2023,stable,/pages/index.html,34322
14/03/2023,stable,/pages/index.html,13184
23/03/2023,stable,/pages/about.html,20520
05/03/2023,latest,/pages/features.html,24840
25/03/2023,latest,/pages/index.html,37120
01/03/2023,stable,/pages/index.html,30853
02/03/2023,latest,/pages/contact.html,5015
05/03/2023,stable,/pages/pricing.html,7776
16/03/2023,latest,/pages/about.html,4245
22/03/2023,latest,/pages/index.html,29774
09/03/2023,latest,/pages/pricing.html,14790
03/03/2023,latest,/pages/index.html,26766
30/03/2023,latest,/pages/features.html,15453
24/03/2023,stable,/pages/features.html,664
01/03/2023,latest,/pages/index.html,22311
15/03/2023,stable,/pages/pricing.html,24970
02/03/2023,stable,/pages/features.html,31775
30/03/2023,stable,/pages/index.html,34188
03/03/2023,latest,/pages/index.html,5210
07/03/2023,stable,/pages/pricing.html,27854
06/03/2023,stable,/pages/contact.html,7767
16/03/2023,stable,/pages/pricing.html,1269
01/03/2023,latest,/pages/features.html,3447
23/03/2023,stable,/pages/contact.html,28991
15/03/2023,latest,/pages/features.html,28933
09/03/2023,latest,/pages/features.html,13489
26/03/2023,latest,/pages/pricing.html,9139
10/03/2023,stable,/pages/contact.html,38258
09/03/2023,latest,/pages/index.html,5763
01/03/2023,stable,/pages/contact.html,37997
11/03/2023,latest,/pages/about.html,37681
03/03/2023,latest,/pages/about.html,8810
23/03/2023,stable,/pages/pricing.html,37130
01/03/2023,stable,/pages/about.html,15647
09/03/2023,stable,/pages/pricing.html,8660
27/03/2023,stable,/pages/pricing.html,19089
13/03/2023,latest,/pages/about.html,38818
24/03/2023,latest,/pages/contact.html,23963
20/03/2023,stable,/pages/features.html,10510
28/03/2023,stable,/pages/about.html,1898
02/03/2023,stable,/pages/index.html,9267
10/03/2023,latest,/pages/contact.html,10653
12/03/2023,stable,/pages/index.html,31728
09/03/2023,latest,/pages/index.html,39646
26/03/2023,latest,/pages/features.html,38390
04/03/2023,stable,/pages/pricing.html,20785
21/03/2023,stable,/pages/features.html,15842
31/03/2023,stable,/pages/features.html,36
17/03/2023,stable,/pages/about.html,33963
23/03/2023,latest,/pages/about.html,25034
29/03/2023,stable,/pages/contact.html,35347
14/03/2023,latest,/pages/pricing.html,11142
10/03/2023,stable,/pages/pricing.html,13213
24/03/2023,latest,/pages/contact.html,19073
10/03/2023,stable,/pages/pricing.html,7571
25/03/2023,stable,/pages/about.html,33654
23/03/2023,latest,/pages/features.html,3059
17/03/2023,latest,/pages/pricing.html,28060
02/03/2023,stable,/pages/about.html,23244
02/03/2023,latest,/pages/features.html,794
23/03/2023,stable,/pages/pricing.html,31635
09/03/2023,latest,/pages/contact.html,27485
09/03/2023,stable,/pages/pricing.html,394
01/03/2023,latest,/pages/about.html,20405
23/03/2023,stable,/pages/pricing.html,20901
06/03/2023,latest,/pages/features.html,14555
14/03/2023,latest,/pages/about.html,9391
29/03/2023,latest,/pages/about.html,25828
27/03/2023,latest,/pages/features.html,14581
21/03/2023,stable,/pages/features.html,31998
08/03/2023,latest,/pages/contact.html,39804
28/03/2023,latest,/pages/contact.html,28986
19/03/2023,latest,/pages/index.html,3202
19/03/2023,stable,/pages/pricing.html,15087
09/03/2023,latest,/pages/contact.html,21646
30/03/2023,stable,/pages/index.html,11794
28/03/2023,stable,/pages/about.html,13032
08/03/2023,stable,/pages/features.html,19591
25/03/2023,latest,/pages/contact.html,25781
17/03/2023,latest,/pages/features.html,8591
09/03/2023,latest,/pages/pricing.html,7672
26/03/2023,latest,/pages/contact.html,15777
22/03/2023,latest,/pages/contact.html,24338
20/03/2023,stable,/pages/features.html,22765
12/03/2023,stable,/pages/contact.html,34670
11/03/2023,stable,/pages/about.html,33191
07/03/2023,latest,/pages/contact.html,31420
22/03/2023,stable,/pages/about.html,23786
05/03/2023,latest,/pages/pricing.html,4382
11/03/2023,stable,/pages/pricing.html,14342
26/03/2023,latest,/pages/index.html,39725
01/03/2023,stable,/pages/about.html,7765
02/03/2023,latest,/pages/pricing.html,25159
24/03/2023,latest,/pages/about.html,21277
22/03/2023,latest,/pages/about.html,35412
30/03/2023,stable,/pages/about.html,12440
09/03/2023,stable,/pages/about.html,30494
08/03/2023,latest,/pages/index.html,13026
23/03/2023,stable,/pages/features.html,9243
09/03/2023,latest,/pages/features.html,17336
09/03/2023,stable,/pages/pricing.html,20597
14/03/2023,stable,/pages/contact.html,37469
01/03/2023,latest,/pages/features.html,13734
03/03/2023,stable,/pages/index.html,8394
13/03/2023,latest,/pages/features.html,8473
16/03/2023,latest,/pages/about.html,481
18/03/2023,latest,/pages/index.html,32735
01/03/2023,stable,/pages/about.html,38625
11/03/2023,latest,/pages/features.html,23019
14/03/2023,stable,/pages/index.html,2801
16/03/2023,stable,/pages/features.html,2475
29/03/2023,stable,/pages/contact.html,8993
28/03/2023,stable,/pages/pricing.html,6826
10/03/2023,latest,/pages/pricing.html,27168
17/03/2023,latest,/pages/pricing.html,11765
21/03/2023,stable,/pages/about.html,33012
27/03/2023,stable,/pages/features.html,9221
28/03/2023,latest,/pages/about.html,20082
20/03/2023,stable,/pages/about.html,23859
01/03/2023,stable,/pages/about.html,12537
23/03/2023,latest,/pages/contact.html,25333
14/03/2023,stable,/pages/contact.html,9188
18/03/2023,latest,/pages/index.html,4462
25/03/2023,latest,/pages/pricing.html,19544
14/03/2023,latest,/pages/features.html,10593
05/03/2023,latest,/pages/about.html,4062
06/03/2023,stable,/pages/pricing.html,38614
30/03/2023,latest,/pages/about.html,24560
29/03/2023,latest,/pages/index.html,10741
11/03/2023,stable,/pages/pricing.html,6419
12/03/2023,latest,/pages/about.html,10607
03/03/2023,latest,/pages/pricing.html,39006
19/03/2023,latest,/pages/about.html,7574
13/03/2023,latest,/pages/about.html,25927
01/03/2023,latest,/pages/index.html,32891
16/03/2023,latest,/pages/features.html,37212
22/03/2023,stable,/pages/features.html,28386
03/03/2023,latest,/pages/features.html,21755
30/03/2023,latest,/pages/features.html,24964
18/03/2023,stable,/pages/about.html,34130
08/03/2023,latest,/pages/index.html,24267
18/03/2023,latest,/pages/pricing.html,27366
27/03/2023,stable,/pages/index.html,18548
27/03/2023,stable,/pages/pricing.html,39957
20/03/2023,stable,/pages/contact.html,33724
21/03/2023,latest,/pages/pricing.html,6560
28/03/2023,stable,/pages/contact.html,30699
21/03/2023,stable,/pages/pricing.html,15644
19/03/2023,stable,/pages/pricing.html,35340
07/03/2023,latest,/pages/about.html,18010
02/03/2023,stable,/pages/contact.html,10385
21/03/2023,stable,/pages/pricing.html,16134
20/03/2023,stable,/pages/pricing.html,30890
12/03/2023,latest,/pages/contact.html,5345
22/03/2023,stable,/pages/features.html,9344
30/03/2023,stable,/pages/features.html,19105
23/03/2023,latest,/pages/index.html,13949
15/03/2023,stable,/pages/features.html,13512
10/03/2023,stable,/pages/about.html,27598
09/03/2023,latest,/pages/contact.html,13435
18/03/2023,stable,/pages/about.html,24880
25/03/2023,latest,/pages/about.html,30072
26/03/2023,latest,/pages/pricing.html,2523
02/03/2023,latest,/pages/index.html,11720
18/03/2023,stable,/pages/pricing.html,21491
27/03/2023,stable,/pages/about.html,36385
19/03/2023,latest,/pages/index.html,17068
10/03/2023,latest,/pages/index.html,12182
23/03/2023,latest,/pages/features.html,15438
01/03/2023,stable,/pages/features.html,31868
01/03/2023,latest,/pages/pricing.html,16133
08/03/2023,stable,/pages/contact.html,35542
13/03/2023,latest,/pages/index.html,15266
16/03/2023,stable,/pages/pricing.html,36227
19/03/2023,stable,/pages/index.html,4707
13/03/2023,stable,/pages/about.html,19278
24/03/2023,latest,/pages/about.html,6848
09/03/2023,stable,/pages/pricing.html,18873
12/03/2023,latest,/pages/pricing.html,16226
15/03/2023,latest,/pages/features.html,34276
12/03/2023,stable,/pages/index.html,31092
11/03/2023,stable,/pages/pricing.html,34457
05/03/2023,stable,/pages/pricing.html,9873
13/03/2023,latest,/pages/pricing.html,27240
13/03/2023,latest,/pages/features.html,8761
01/03/2023,latest,/pages/about.html,39307
09/03/2023,latest,/pages/index.html,23978
09/03/2023,stable,/pages/contact.html,15620
04/03/2023,latest,/pages/about.html,35442
18/03/2023,latest,/pages/index.html,31964
01/03/2023,stable,/pages/index.html,14976
18/03/2023,stable,/pages/index.html,37121
02/03/2023,latest,/pages/pricing.html,29450
21/03/2023,stable,/pages/pricing.html,17584
17/03/2023,stable,/pages/pricing.html,17237
11/03/2023,latest,/pages/contact.html,28647
30/03/2023,latest,/pages/contact.html,13683
16/03/2023,stable,/pages/index.html,29996
07/03/2023,stable,/pages/index.html,3545
21/03/2023,stable,/pages/pricing.html,35575
31/03/2023,latest,/pages/index.html,16774
20/03/2023,latest,/pages/contact.html,1321
13/03/2023,stable,/pages/pricing.html,22416
24/03/2023,stable,/pages/index.html,18632
10/03/2023,stable,/pages/index.html,16856
15/03/2023,stable,/pages/pricing.html,15358
21/03/2023,stable,/pages/index.html,11468
20/03/2023,stable,/pages/features.html,31777
01/03/2023,stable,/pages/pricing.html,23010
21/03/2023,stable,/pages/about.html,28737
26/03/2023,latest,/pages/features.html,4322
10/03/2023,latest,/pages/about.html,6952
09/03/2023,latest,/pages/pricing.html,38465
09/03/2023,latest,/pages/features.html,11797
22/03/2023,latest,/pages/pricing.html,1665
25/03/2023,latest,/pages/about.html,37853
02/03/2023,latest,/pages/pricing.html,6975
09/03/2023,latest,/pages/index.html,3387
16/03/2023,latest,/pages/about.html,11206
18/03/2023,stable,/pages/about.html,21683
21/03/2023,latest,/pages/contact.html,3510
22/03/2023,latest,/pages/pricing.html,34046
12/03/2023,stable,/pages/features.html,17993
13/03/2023,latest,/pages/index.html,13588
25/03/2023,latest,/pages/contact.html,507
31/03/2023,stable,/pages/pricing.html,923
26/03/2023,latest,/pages/about.html,39480
20/03/2023,stable,/pages/contact.html,37061
02/03/2023,latest,/pages/index.html,355
11/03/2023,latest,/pages/pricing.html,29640
19/03/2023,stable,/pages/contact.html,23224
16/03/2023,latest,/pages/contact.html,22416
08/03/2023,latest,/pages/about.html,3991
30/03/2023,latest,/pages/features.html,5354
02/03/2023,stable,/pages/contact.html,12452
01/03/2023,latest,/pages/about.html,10669
03/03/2023,stable,/pages/index.html,2685
30/03/2023,latest,/pages/contact.html,38138
20/03/2023,latest,/pages/index.html,27799
09/03/2023,stable,/pages/features.html,2286
31/03/2023,latest,/pages/about.html,1336
19/03/2023,latest,/pages/contact.html,24147
31/03/2023,stable,/pages/contact.html,21932
18/03/2023,stable,/pages/index.html,3630
09/03/2023,latest,/pages/index.html,31669
08/03/2023,stable,/pages/index.html,31193
10/03/2023,latest,/pages/contact.html,15795
01/03/2023,stable,/pages/index.html,19498
21/03/2023,latest,/pages/contact.html,28985
23/03/2023,stable,/pages/about.html,2686
06/03/2023,stable,/pages/features.html,19319
17/03/2023,stable,/pages/contact.html,30095
30/03/2023,latest,/pages/pricing.html,32007
13/03/2023,latest,/pages/contact.html,21907
21/03/2023,stable,/pages/pricing.html,9813
05/03/2023,latest,/pages/contact.html,15933
10/03/2023,stable,/pages/features.html,27941
02/03/2023,stable,/pages/index.html,26653
26/03/2023,stable,/pages/about.html,21531
01/03/2023,stable,/pages/pricing.html,31181
07/03/2023,stable,/pages/contact.html,24459
24/03/2023,latest,/pages/pricing.html,32279
31/03/2023,stable,/pages/about.html,37150
19/03/2023,stable,/pages/index.html,38948
04/03/2023,stable,/pages/pricing.html,34802
18/03/2023,stable,/pages/pricing.html,39776
13/03/2023,latest,/pages/index.html,30692
06/03/2023,stable,/pages/features.html,7627
01/03/2023,stable,/pages/index.html,8948
14/03/2023,latest,/pages/about.html,15306
17/03/2023,stable,/pages/index.html,5141
04/03/2023,latest,/pages/about.html,8129
29/03/2023,stable,/pages/contact.html,8197
15/03/2023,latest,/pages/pricing.html,578
28/03/2023,stable,/pages/index.html,19015
04/03/2023,latest,/pages/about.html,13617
08/03/2023,stable,/pages/about.html,39941
31/03/2023,stable,/pages/contact.html,38763
02/03/2023,latest,/pages/contact.html,22223
27/03/2023,stable,/pages/features.html,10129
01/03/2023,stable,/pages/pricing.html,13763
10/03/2023,latest,/pages/contact.html,8778
03/03/2023,stable,/pages/about.html,10967
28/03/2023,stable,/pages/features.html,7879
10/03/2023,stable,/pages/features.html,37569
18/03/2023,latest,/pages/contact.html,29795
09/03/2023,stable,/pages/about.html,39218
30/03/2023,latest,/pages/pricing.html,31632
21/03/2023,latest,/pages/features.html,8380
10/03/2023,stable,/pages/contact.html,10558
15/03/2023,latest,/pages/index.html,5301
18/03/2023,stable,/pages/contact.html,13316
01/03/2023,latest,/pages/index.html,28036
26/03/2023,stable,/pages/contact.html,16599
16/03/2023,stable,/pages/pricing.html,17783
23/03/2023,latest,/pages/pricing.html,24488
04/03/2023,latest,/pages/contact.html,10911
05/03/2023,latest,/pages/index.html,28239
06/03/2023,latest,/pages/pricing.html,22659
15/03/2023,latest,/pages/features.html,37563
03/03/2023,latest,/pages/index.html,9204
30/03/2023,latest,/pages/about.html,37761
27/03/2023,latest,/pages/index.html,9149
24/03/2023,latest,/pages/features.html,7293
31/03/2023,latest,/pages/contact.html,29801
03/03/2023,latest,/pages/features.html,35748
24/03/2023,stable,/pages/about.html,23837
09/03/2023,stable,/pages/about.html,22578
19/03/2023,latest,/pages/index.html,10682
18/03/2023,latest,/pages/contact.html,5001
14/03/2023,latest,/pages/features.html,10419
06/03/2023,latest,/pages/pricing.html,30003
12/03/2023,latest,/pages/contact.html,27666
03/03/2023,latest,/pages/features.html,9937
10/03/2023,latest,/pages/about.html,15958
25/03/2023,stable,/pages/pricing.html,38361
18/03/2023,latest,/pages/contact.html,19808
06/03/2023,stable,/pages/index.html,931
09/03/2023,stable,/pages/index.html,9412
09/03/2023,stable,/pages/about.html,37709
20/03/2023,latest,/pages/about.html,20919
14/03/2023,stable,/pages/index.html,33297
14/03/2023,stable,/pages/pricing.html,33561
04/03/2023,latest,/pages/index.html,8649
29/03/2023,stable,/pages/about.html,15991
16/03/2023,latest,/pages/index.html,16871
03/03/2023,stable,/pages/about.html,11127
10/03/2023,latest,/pages/features.html,35807
02/03/2023,latest,/pages/contact.html,27405
20/03/2023,stable,/pages/features.html,17310
11/03/2023,latest,/pages/pricing.html,36295
24/03/2023,latest,/pages/index.html,23239
22/03/2023,latest,/pages/features.html,29264
06/03/2023,stable,/pages/pricing.html,29441
19/03/2023,stable,/pages/about.html,18376
07/03/2023,stable,/pages/contact.html,2550
25/03/2023,stable,/pages/pricing.html,14849
26/03/2023,latest,/pages/index.html,33379
11/03/2023,stable,/pages/contact.html,8178
04/03/2023,latest,/pages/contact.html,12835
20/03/2023,latest,/pages/contact.html,7237
07/03/2023,latest,/pages/about.html,10615
26/03/2023,latest,/pages/about.html,19271
07/03/2023,stable,/pages/contact.html,29294
04/03/2023,latest,/pages/index.html,16340
14/03/2023,stable,/pages/about.html,10730
12/03/2023,latest,/pages/about.html,23895
18/03/2023,stable,/pages/pricing.html,36184
09/03/2023,stable,/pages/pricing.html,35297
22/03/2023,stable,/pages/features.html,32974
13/03/2023,latest,/pages/index.html,14498
21/03/2023,latest,/pages/index.html,27247
10/03/2023,stable,/pages/features.html,24261
30/03/2023,latest,/pages/pricing.html,7499
08/03/2023,latest,/pages/contact.html,29557
18/03/2023,latest,/pages/index.html,20474
04/03/2023,latest,/pages/pricing.html,33211
11/03/2023,latest,/pages/about.html,27516
31/03/2023,latest,/pages/index.html,1413
30/03/2023,stable,/pages/about.html,34570
20/03/2023,latest,/pages/about.html,34411
26/03/2023,stable,/pages/index.html,37535
25/03/2023,stable,/pages/pricing.html,1197
25/03/2023,stable,/pages/features.html,1740
31/03/2023,latest,/pages/features.html,37767
21/03/2023,latest,/pages/features.html,31455
01/03/2023,latest,/pages/index.html,30325
29/03/2023,stable,/pages/contact.html,29889
02/03/2023,latest,/pages/features.html,20575
19/03/2023,latest,/pages/pricing.html,36764
03/03/2023,latest,/pages/features.html,12788
22/03/2023,latest,/pages/contact.html,34188
01/03/2023,stable,/pages/contact.html,10105
18/03/2023,latest,/pages/contact.html,19997
31/03/2023,latest,/pages/contact.html,3171
11/03/2023,stable,/pages/features.html,23303
21/03/2023,latest,/pages/features.html,39709
16/03/2023,latest,/pages/features.html,33503
22/03/2023,stable,/pages/pricing.html,29978
21/03/2023,stable,/pages/features.html,8385
18/03/2023,latest,/pages/about.html,12679
31/03/2023,latest,/pages/contact.html,16746
11/03/2023,latest,/pages/about.html,15387
09/03/2023,stable,/pages/pricing.html,37339
07/03/2023,latest,/pages/features.html,1986
26/03/2023,latest,/pages/index.html,23614
30/03/2023,latest,/pages/features.html,25195
17/03/2023,stable,/pages/index.html,15895
25/03/2023,latest,/pages/about.html,10957
07/03/2023,latest,/pages/features.html,8037
15/03/2023,stable,/pages/index.html,13571
24/03/2023,stable,/pages/about.html,36235
25/03/2023,stable,/pages/about.html,16706
08/03/2023,stable,/pages/pricing.html,997
20/03/2023,stable,/pages/index.html,4154
07/03/2023,stable,/pages/index.html,17476
11/03/2023,latest,/pages/index.html,9139
03/03/2023,latest,/pages/index.html,22621
16/03/2023,latest,/pages/contact.html,5865
02/03/2023,stable,/pages/features.html,5792
19/03/2023,latest,/pages/index.html,31650
30/03/2023,stable,/pages/index.html,36750
24/03/2023,stable,/pages/pricing.html,10814
16/03/2023,stable,/pages/features.html,18915
26/03/2023,stable,/pages/features.html,21743
29/03/2023,stable,/pages/pricing.html,39195
29/03/2023,latest,/pages/index.html,15144
07/03/2023,stable,/pages/features.html,38169
28/03/2023,stable,/pages/index.html,12080
23/03/2023,stable,/pages/contact.html,36174
15/03/2023,stable,/pages/features.html,29423
01/03/2023,latest,/pages/index.html,12244
20/03/2023,stable,/pages/pricing.html,12369
12/03/2023,stable,/pages/features.html,26671
15/03/2023,stable,/pages/about.html,15288
01/03/2023,latest,/pages/features.html,20848
27/03/2023,latest,/pages/features.html,33027
31/03/2023,stable,/pages/index.html,23445
10/03/2023,latest,/pages/features.html,20150
25/03/2023,latest,/pages/index.html,3286
24/03/2023,stable,/pages/index.html,7060
16/03/2023,stable,/pages/pricing.html,19360
21/03/2023,latest,/pages/index.html,33594
06/03/2023,latest,/pages/contact.html,4472
17/03/2023,latest,/pages/pricing.html,6318
03/03/2023,latest,/pages/contact.html,23447
20/03/2023,stable,/pages/contact.html,14961
20/03/2023,stable,/pages/pricing.html,24873
13/03/2023,stable,/pages/contact.html,67
29/03/2023,latest,/pages/contact.html,32684
01/03/2023,latest,/pages/features.html,1191
29/03/2023,latest,/pages/features.html,9360
24/03/2023,latest,/pages/features.html,17069
08/03/2023,latest,/pages/features.html,24000
04/03/2023,stable,/pages/index.html,5385
04/03/2023,stable,/pages/index.html,21365
22/03/2023,stable,/pages/about.html,24874
12/03/2023,latest,/pages/features.html,9660
27/03/2023,stable,/pages/contact.html,12295
08/03/2023,latest,/pages/pricing.html,32177
13/03/2023,latest,/pages/index.html,8815
17/03/2023,latest,/pages/contact.html,14292
22/03/2023,stable,/pages/contact.html,11766
27/03/2023,stable,/pages/about.html,34067
17/03/2023,stable,/pages/about.html,456
19/03/2023,latest,/pages/features.html,36093
26/03/2023,stable,/pages/contact.html,20453
06/03/2023,latest,/pages/about.html,18685
09/03/2023,stable,/pages/about.html,34687
10/03/2023,stable,/pages/contact.html,5486
03/03/2023,stable,/pages/about.html,39708
26/03/2023,stable,/pages/index.html,763
28/03/2023,latest,/pages/features.html,31641
19/03/2023,stable,/pages/index.html,32680
05/03/2023,latest,/pages/index.html,35823
25/03/2023,stable,/pages/features.html,13157
19/03/2023,stable,/pages/contact.html,29623
21/03/2023,latest,/pages/pricing.html,4600
29/03/2023,latest,/pages/about.html,29994
26/03/2023,latest,/pages/features.html,39387
02/03/2023,stable,/pages/pricing.html,6046
17/03/2023,stable,/pages/features.html,22986
30/03/2023,latest,/pages/pricing.html,29890
16/03/2023,stable,/pages/about.html,10984
31/03/2023,latest,/pages/index.html,24095
17/03/2023,stable,/pages/pricing.html,28825
26/03/2023,stable,/pages/index.html,30557
08/03/2023,latest,/pages/about.html,39298
05/03/2023,stable,/pages/pricing.html,20013
16/03/2023,stable,/pages/pricing.html,12664
21/03/2023,stable,/pages/about.html,23592
25/03/2023,stable,/pages/contact.html,18427
19/03/2023,stable,/pages/about.html,629
13/03/2023,stable,/pages/features.html,2496
08/03/2023,stable,/pages/contact.html,8799
21/03/2023,latest,/pages/pricing.html,32824
10/03/2023,latest,/pages/about.html,15284
24/03/2023,latest,/pages/features.html,4076
03/03/2023,stable,/pages/about.html,34006
15/03/2023,stable,/pages/features.html,21867
31/03/2023,stable,/pages/contact.html,32808
14/03/2023,stable,/pages/index.html,26566
11/03/2023,latest,/pages/features.html,35069
10/03/2023,stable,/pages/index.html,6820
12/03/2023,latest,/pages/index.html,18931
19/03/2023,latest,/pages/features.html,32300
31/03/2023,stable,/pages/features.html,15320
13/03/2023,stable,/pages/about.html,15236
23/03/2023,stable,/pages/contact.html,6961
23/03/2023,latest,/pages/about.html,20995
03/03/2023,latest,/pages/pricing.html,19407
05/03/2023,stable,/pages/about.html,10155
20/03/2023,stable,/pages/index.html,35373
10/03/2023,latest,/pages/features.html,23919
24/03/2023,latest,/pages/contact.html,37932
11/03/2023,stable,/pages/features.html,30837
06/03/2023,stable,/pages/pricing.html,1943
20/03/2023,latest,/pages/pricing.html,32055
26/03/2023,latest,/pages/index.html,37573
24/03/2023,latest,/pages/index.html,32738
26/03/2023,latest,/pages/features.html,38296
25/03/2023,latest,/pages/features.html,39974
10/03/2023,stable,/pages/about.html,21394
15/03/2023,stable,/pages/features.html,20467
15/03/2023,stable,/pages/about.html,22768
19/03/2023,stable,/pages/contact.html,33964
01/03/2023,stable,/pages/index.html,10184
29/03/2023,stable,/pages/pricing.html,23121
17/03/2023,stable,/pages/index.html,21479
17/03/2023,stable,/pages/about.html,4452
24/03/2023,stable,/pages/pricing.html,13516
08/03/2023,stable,/pages/contact.html,32664
03/03/2023,latest,/pages/pricing.html,16648
20/03/2023,latest,/pages/about.html,15729
01/03/2023,stable,/pages/pricing.html,28801
03/03/2023,stable,/pages/features.html,36459
09/03/2023,stable,/pages/pricing.html,16801
26/03/2023,stable,/pages/features.html,32997
25/03/2023,latest,/pages/contact.html,9934
01/03/2023,stable,/pages/contact.html,5975
27/03/2023,latest,/pages/about.html,29570
06/03/2023,stable,/pages/features.html,9087
28/03/2023,stable,/pages/contact.html,1206
20/03/2023,latest,/pages/about.html,32839
29/03/2023,stable,/pages/index.html,16440
25/03/2023,stable,/pages/pricing.html,30842
13/03/2023,stable,/pages/pricing.html,39523
15/03/2023,stable,/pages/index.html,34094
23/03/2023,latest,/pages/features.html,33661
05/03/2023,latest,/pages/contact.html,7975
06/03/2023,stable,/pages/features.html,31190
17/03/2023,stable,/pages/index.html,3601
04/03/2023,latest,/pages/contact.html,35270
01/03/2023,stable,/pages/pricing.html,4932
17/03/2023,latest,/pages/features.html,1679
14/03/2023,latest,/pages/contact.html,13075
15/03/2023,latest,/pages/features.html,34198
16/03/2023,stable,/pages/contact.html,5817
06/03/2023,stable,/pages/about.html,22342
29/03/2023,stable,/pages/pricing.html,4991
16/03/2023,latest,/pages/features.html,16641
15/03/2023,stable,/pages/contact.html,13475
21/03/2023,stable,/pages/about.html,38722
08/03/2023,latest,/pages/about.html,18271
17/03/2023,latest,/pages/pricing.html,38130
04/03/2023,stable,/pages/features.html,14850
02/03/2023,latest,/pages/pricing.html,19703
25/03/2023,stable,/pages/pricing.html,18561
06/03/2023,stable,/pages/contact.html,25277
03/03/2023,stable,/pages/pricing.html,15453
14/03/2023,latest,/pages/about.html,34323
29/03/2023,latest,/pages/index.html,30289
23/03/2023,latest,/pages/pricing.html,20578
03/03/2023,latest,/pages/features.html,13257
04/03/2023,stable,/pages/features.html,38311
21/03/2023,latest,/pages/features.html,13623
04/03/2023,latest,/pages/index.html,15981
04/03/2023,stable,/pages/about.html,24712
15/03/2023,latest,/pages/features.html,8728
14/03/2023,stable,/pages/pricing.html,5970
24/03/2023,stable,/pages/contact.html,9249
03/03/2023,latest,/pages/index.html,35430
20/03/2023,stable,/pages/about.html,16128
15/03/2023,latest,/pages/about.html,38472
20/03/2023,latest,/pages/pricing.html,18964
16/03/2023,latest,/pages/contact.html,1013
01/03/2023,stable,/pages/contact.html,15382
20/03/2023,stable,/pages/index.html,9917
10/03/2023,latest,/pages/contact.html,37742
02/03/2023,latest,/pages/about.html,28760
21/03/2023,stable,/pages/about.html,384
05/03/2023,stable,/pages/contact.html,386
04/03/2023,stable,/pages/features.html,14574
08/03/2023,stable,/pages/features.html,38789
08/03/2023,stable,/pages/pricing.html,39494
22/03/2023,stable,/pages/about.html,22162
14/03/2023,latest,/pages/pricing.html,30537
08/03/2023,latest,/pages/features.html,6596
08/03/2023,stable,/pages/index.html,36741
09/03/2023,stable,/pages/contact.html,39225
06/03/2023,latest,/pages/pricing.html,8884
14/03/2023,stable,/pages/index.html,9734
25/03/2023,stable,/pages/features.html,13373
08/03/2023,latest,/pages/pricing.html,35439
28/03/2023,stable,/pages/about.html,39798
24/03/2023,latest,/pages/features.html,26342
16/03/2023,stable,/pages/contact.html,20498
20/03/2023,stable,/pages/about.html,26959
17/03/2023,stable,/pages/pricing.html,10438
15/03/2023,latest,/pages/pricing.html,3821
19/03/2023,latest,/pages/contact.html,5709
15/03/2023,stable,/pages/features.html,17253
02/03/2023,latest,/pages/index.html,18126
01/03/2023,latest,/pages/contact.html,4949
30/03/2023,latest,/pages/features.html,28514
28/03/2023,stable,/pages/features.html,30796
11/03/2023,stable,/pages/contact.html,15830
14/03/2023,stable,/pages/index.html,24243
05/03/2023,latest,/pages/pricing.html,24828
25/03/2023,latest,/pages/features.html,13741
22/03/2023,latest,/pages/about.html,3731
03/03/2023,latest,/pages/features.html,17471
05/03/2023,latest,/pages/index.html,25003
29/03/2023,stable,/pages/contact.html,20455
25/03/2023,stable,/pages/features.html,16756
28/03/2023,latest,/pages/pricing.html,14006
27/03/2023,stable,/pages/pricing.html,19224
09/03/2023,stable,/pages/contact.html,34172
29/03/2023,latest,/pages/pricing.html,23112
04/03/2023,latest,/pages/pricing.html,10602
19/03/2023,latest,/pages/about.html,35128
12/03/2023,stable,/pages/index.html,11677
20/03/2023,latest,/pages/about.html,9472
22/03/2023,stable,/pages/pricing.html,26959
20/03/2023,latest,/pages/about.html,4854
04/03/2023,stable,/pages/pricing.html,36130
23/03/2023,stable,/pages/contact.html,2333
18/03/2023,latest,/pages/contact.html,14497
30/03/2023,stable,/pages/pricing.html,36292
22/03/2023,latest,/pages/index.html,1784
09/03/2023,stable,/pages/index.html,19774
23/03/2023,stable,/pages/index.html,16741
01/03/2023,latest,/pages/contact.html,18374
29/03/2023,latest,/pages/contact.html,27947
05/03/2023,stable,/pages/index.html,551
15/03/2023,stable,/pages/about.html,9203
30/03/2023,latest,/pages/contact.html,16455
30/03/2023,latest,/pages/pricing.html,5241
17/03/2023,stable,/pages/about.html,16683
22/03/2023,stable,/pages/index.html,15691
15/03/2023,stable,/pages/index.html,29924
27/03/2023,stable,/pages/features.html,22412
30/03/2023,stable,/pages/index.html,18942
14/03/2023,latest,/pages/contact.html,22647
29/03/2023,latest,/pages/index.html,23394
21/03/2023,latest,/pages/about.html,19304
13/03/2023,latest,/pages/features.html,3014
09/03/2023,latest,/pages/features.html,31810
01/03/2023,latest,/pages/features.html,6055
08/03/2023,stable,/pages/features.html,23783
28/03/2023,stable,/pages/index.html,16051
27/03/2023,stable,/pages/contact.html,3756
09/03/2023,stable,/pages/about.html,18109
26/03/2023,latest,/pages/about.html,5824
24/03/2023,stable,/pages/pricing.html,4130
03/03/2023,latest,/pages/about.html,25408
10/03/2023,latest,/pages/features.html,22210
10/03/2023,stable,/pages/features.html,24779
25/03/2023,latest,/pages/pricing.html,18000
08/03/2023,latest,/pages/about.html,20743
19/03/2023,latest,/pages/pricing.html,11504
17/03/2023,latest,/pages/index.html,18400
05/03/2023,latest,/pages/contact.html,9997
25/03/2023,latest,/pages/pricing.html,30151
08/03/2023,latest,/pages/about.html,12611
03/03/2023,stable,/pages/pricing.html,30856
03/03/2023,latest,/pages/index.html,12985
05/03/2023,stable,/pages/contact.html,10416
10/03/2023,latest,/pages/features.html,34802
11/03/2023,stable,/pages/about.html,25779
05/03/2023,latest,/pages/index.html,3684
22/03/2023,latest,/pages/pricing.html,25682
10/03/2023,stable,/pages/pricing.html,8516
15/03/2023,stable,/pages/about.html,10158
24/03/2023,latest,/pages/pricing.html,21310
24/03/2023,stable,/pages/pricing.html,26791
28/03/2023,stable,/pages/contact.html,19979
28/03/2023,latest,/pages/features.html,34804
09/03/2023,latest,/pages/index.html,34613
23/03/2023,stable,/pages/contact.html,19031
09/03/2023,stable,/pages/pricing.html,8455
02/03/2023,latest,/pages/pricing.html,16341
27/03/2023,latest,/pages/pricing.html,10220
19/03/2023,latest,/pages/about.html,27582
25/03/2023,latest,/pages/features.html,10008
01/03/2023,stable,/pages/index.html,32061
01/03/2023,latest,/pages/pricing.html,35312
29/03/2023,stable,/pages/features.html,29585
28/03/2023,latest,/pages/about.html,35880
23/03/2023,stable,/pages/features.html,3025
18/03/2023,stable,/pages/contact.html,33936
04/03/2023,latest,/pages/features.html,29221
19/03/2023,latest,/pages/index.html,23775
09/03/2023,latest,/pages/contact.html,27968
28/03/2023,latest,/pages/pricing.html,4123
05/03/2023,latest,/pages/about.html,4787
11/03/2023,stable,/pages/index.html,4984
29/03/2023,stable,/pages/contact.html,14442
22/03/2023,latest,/pages/about.html,33769
12/03/2023,latest,/pages/about.html,6376
25/03/2023,stable,/pages/contact.html,31661
20/03/2023,stable,/pages/about.html,30939
17/03/2023,latest,/pages/pricing.html,35458
03/03/2023,latest,/pages/features.html,12347
08/03/2023,latest,/pages/about.html,2848
22/03/2023,stable,/pages/contact.html,10620
13/03/2023,stable,/pages/contact.html,10230
12/03/2023,latest,/pages/pricing.html,24151
24/03/2023,latest,/pages/pricing.html,18570
23/03/2023,latest,/pages/contact.html,22097
31/03/2023,stable,/pages/pricing.html,17603
12/03/2023,latest,/pages/index.html,37728
26/03/2023,stable,/pages/about.html,20974
21/03/2023,latest,/pages/contact.html,17887
05/03/2023,latest,/pages/about.html,32088
21/03/2023,stable,/pages/features.html,26901
06/03/2023,latest,/pages/about.html,38392
04/03/2023,latest,/pages/index.html,29887
05/03/2023,stable,/pages/index.html,26750
25/03/2023,latest,/pages/pricing.html,25181
18/03/2023,stable,/pages/pricing.html,34864
03/03/2023,latest,/pages/features.html,29376
23/03/2023,latest,/pages/about.html,10513
12/03/2023,stable,/pages/index.html,34328
27/03/2023,latest,/pages/features.html,2925
15/03/2023,stable,/pages/features.html,24213
08/03/2023,latest,/pages/index.html,38002
03/03/2023,stable,/pages/about.html,18942
16/03/2023,stable,/pages/features.html,17472
06/03/2023,stable,/pages/features.html,1553
29/03/2023,stable,/pages/index.html,21523
16/03/2023,latest,/pages/about.html,21257
29/03/2023,stable,/pages/pricing.html,6099
06/03/2023,stable,/pages/contact.html,13828
05/03/2023,stable,/pages/contact.html,26143
03/03/2023,latest,/pages/about.html,3654
12/03/2023,latest,/pages/contact.html,37298
07/03/2023,stable,/pages/features.html,4352
15/03/2023,stable,/pages/index.html,23318
11/03/2023,stable,/pages/pricing.html,6499
31/03/2023,latest,/pages/pricing.html,33171
10/03/2023,latest,/pages/features.html,16832
24/03/2023,stable,/pages/features.html,39325
18/03/2023,latest,/pages/contact.html,23890
30/03/2023,latest,/pages/about.html,5757
04/03/2023,stable,/pages/pricing.html,36616
04/03/2023,stable,/pages/pricing.html,27466
15/03/2023,stable,/pages/contact.html,3029
15/03/2023,latest,/pages/index.html,20053
25/03/2023,stable,/pages/pricing.html,20438
17/03/2023,stable,/pages/contact.html,25721
07/03/2023,stable,/pages/contact.html,36143
13/03/2023,stable,/pages/pricing.html,19086
18/03/2023,latest,/pages/index.html,28459
08/03/2023,latest,/pages/index.html,32257
31/03/2023,stable,/pages/features.html,14651
13/03/2023,stable,/pages/features.html,5748
18/03/2023,stable,/pages/index.html,35725
19/03/2023,latest,/pages/pricing.html,11992
20/03/2023,stable,/pages/index.html,23168
20/03/2023,latest,/pages/contact.html,4261
01/03/2023,latest,/pages/features.html,14798
26/03/2023,stable,/pages/features.html,34586
16/03/2023,latest,/pages/about.html,38233
30/03/2023,latest,/pages/contact.html,38975
27/03/2023,latest,/pages/contact.html,1982
12/03/2023,latest,/pages/about.html,20861
03/03/2023,latest,/pages/contact.html,32322
13/03/2023,stable,/pages/about.html,38366
13/03/2023,stable,/pages/pricing.html,36742
16/03/2023,stable,/pages/index.html,39799
02/03/2023,stable,/pages/features.html,10083
18/03/2023,stable,/pages/about.html,27174
17/03/2023,latest,/pages/index.html,14967
15/03/2023,stable,/pages/about.html,28575
14/03/2023,stable,/pages/about.html,9293
28/03/2023,latest,/pages/contact.html,29774
12/03/2023,latest,/pages/about.html,15360
29/03/2023,stable,/pages/pricing.html,32083
20/03/2023,stable,/pages/pricing.html,27866
04/03/2023,latest,/pages/about.html,17258
01/03/2023,stable,/pages/features.html,10275
11/03/2023,latest,/pages/about.html,17790
23/03/2023,stable,/pages/about.html,37899
28/03/2023,latest,/pages/index.html,34690
30/03/2023,latest,/pages/about.html,23688
26/03/2023,stable,/pages/index.html,21203
10/03/2023,stable,/pages/features.html,29882
21/03/2023,latest,/pages/index.html,30817
14/03/2023,latest,/pages/about.html,17978
26/03/2023,latest,/pages/contact.html,4266
27/03/2023,latest,/pages/index.html,7166
29/03/2023,latest,/pages/pricing.html,27654
22/03/2023,latest,/pages/index.html,1092
13/03/2023,stable,/pages/pricing.html,10219
29/03/2023,latest,/pages/features.html,26666
24/03/2023,stable,/pages/index.html,17555
29/03/2023,latest,/pages/pricing.html,36271
18/03/2023,stable,/pages/pricing.html,16372
06/03/2023,latest,/pages/features.html,21073
26/03/2023,latest,/pages/pricing.html,4499
07/03/2023,stable,/pages/index.html,9670
30/03/2023,latest,/pages/features.html,26533
25/03/2023,stable,/pages/pricing.html,27546
07/03/2023,latest,/pages/pricing.html,23148
29/03/2023,latest,/pages/contact.html,32685
05/03/2023,latest,/pages/features.html,4692
30/03/2023,stable,/pages/pricing.html,37863
28/03/2023,latest,/pages/index.html,25296
10/03/2023,stable,/pages/contact.html,1822
20/03/2023,latest,/pages/index.html,14415
26/03/2023,stable,/pages/contact.html,21520
03/03/2023,stable,/pages/features.html,14389
22/03/2023,latest,/pages/about.html,38855
24/03/2023,latest,/pages/features.html,25048
02/03/2023,latest,/pages/contact.html,27271
15/03/2023,latest,/pages/about.html,10856
08/03/2023,stable,/pages/contact.html,24398
05/03/2023,latest,/pages/features.html,38967
14/03/2023,stable,/pages/contact.html,27846
11/03/2023,stable,/pages/index.html,1047
04/03/2023,latest,/pages/contact.html,32107
22/03/2023,stable,/pages/about.html,29873
29/03/2023,latest,/pages/contact.html,7090
28/03/2023,latest,/pages/contact.html,27695
01/03/2023,latest,/pages/pricing.html,19219
17/03/2023,latest,/pages/contact.html,16729
14/03/2023,latest,/pages/features.html,29103
24/03/2023,stable,/pages/index.html,3827
26/03/2023,stable,/pages/pricing.html,23217
24/03/2023,stable,/pages/features.html,8723
07/03/2023,latest,/pages/contact.html,28111
17/03/2023,latest,/pages/about.html,26075
12/03/2023,stable,/pages/features.html,30575
14/03/2023,stable,/pages/contact.html,3766
29/03/2023,latest,/pages/about.html,19094
27/03/2023,stable,/pages/features.html,7075
30/03/2023,stable,/pages/pricing.html,18885
04/03/2023,stable,/pages/about.html,24587
11/03/2023,latest,/pages/contact.html,21493
21/03/2023,latest,/pages/index.html,8372
21/03/2023,stable,/pages/features.html,18886
27/03/2023,latest,/pages/index.html,39373
05/03/2023,stable,/pages/contact.html,23581
12/03/2023,latest,/pages/pricing.html,10011
07/03/2023,stable,/pages/index.html,39235
01/03/2023,latest,/pages/contact.html,728
14/03/2023,stable,/pages/features.html,26715
29/03/2023,stable,/pages/contact.html,7393
02/03/2023,stable,/pages/about.html,14980
27/03/2023,latest,/pages/features.html,5420
01/03/2023,stable,/pages/index.html,3615
20/03/2023,stable,/pages/contact.html,1185
25/03/2023,latest,/pages/features.html,26495
28/03/2023,stable,/pages/pricing.html,9923
26/03/2023,stable,/pages/contact.html,20547
22/03/2023,stable,/pages/index.html,31981
12/03/2023,stable,/pages/features.html,1989
23/03/2023,latest,/pages/index.html,14597
07/03/2023,stable,/pages/features.html,7255
26/03/2023,stable,/pages/index.html,33222
24/03/2023,stable,/pages/about.html,6350
13/03/2023,latest,/pages/pricing.html,14429
27/03/2023,stable,/pages/about.html,28122
25/03/2023,latest,/pages/contact.html,12521
18/03/2023,stable,/pages/index.html,3283
13/03/2023,latest,/pages/pricing.html,12613
08/03/2023,latest,/pages/features.html,5253
27/03/2023,latest,/pages/pricing.html,8495
18/03/2023,latest,/pages/pricing.html,10072
16/03/2023,latest,/pages/about.html,27297
28/03/2023,stable,/pages/pricing.html,30545
02/03/2023,latest,/pages/index.html,38677
14/03/2023,stable,/pages/features.html,11589
10/03/2023,latest,/pages/index.html,7191
10/03/2023,stable,/pages/pricing.html,15104
17/03/2023,latest,/pages/pricing.html,23179
05/03/2023,latest,/pages/contact.html,18249
